customerID,Probabilidad_Churn,Prediccion_Churn,Alerta,Churn_real
2720-WGKHP,0.9366046847130395,1,Sí,Yes
5150-ITWWB,0.9349760876711983,1,Sí,No
1069-XAIEM,0.9239321486512717,1,Sí,Yes
8161-QYMTT,0.9166610144800922,1,Sí,No
9681-OXGVC,0.9166543678876913,1,Sí,Yes
2865-TCHJW,0.9158691695134163,1,Sí,Yes
6521-YYTYI,0.9143268412675817,1,Sí,Yes
8414-MYSHR,0.9115766076137484,1,Sí,Yes
4912-PIGUY,0.9109754665155825,1,Sí,No
0970-ETWGE,0.9099926968070097,1,Sí,Yes
4115-NZRKS,0.908511147030956,1,Sí,No
8245-UMPYT,0.9070436037103276,1,Sí,Yes
6969-MVBAI,0.9031650693248655,1,Sí,No
9221-OTIVJ,0.8979268326665323,1,Sí,Yes
4587-VVTOX,0.8955782094384407,1,Sí,Yes
7398-SKNQZ,0.894725898824358,1,Sí,No
2514-GINMM,0.8911077472668385,1,Sí,Yes
2077-MPJQO,0.8890316473020239,1,Sí,No
2609-IAICY,0.888895456208832,1,Sí,Yes
7817-BOQPW,0.8888812900236149,1,Sí,Yes
8086-OVPWV,0.8884819985142691,1,Sí,Yes
7209-JCUDS,0.8872818273208593,1,Sí,Yes
8375-DKEBR,0.8871161731906255,1,Sí,Yes
6328-ZPBGN,0.8870772409741401,1,Sí,Yes
5380-AFSSK,0.8869209426643284,1,Sí,Yes
9878-TNQGW,0.8868705065399808,1,Sí,Yes
8000-REIQB,0.8864919897501948,1,Sí,Yes
9402-ORRAH,0.8860665061663064,1,Sí,No
4090-KPJIP,0.8859245152353967,1,Sí,No
7130-VTEWQ,0.8853889889769883,1,Sí,Yes
4514-GFCFI,0.8846123261375921,1,Sí,Yes
3519-ZKXGG,0.8845608536307281,1,Sí,Yes
8644-XLFBW,0.8840121959055105,1,Sí,Yes
2688-BHGOG,0.8838079082891339,1,Sí,No
0709-TVGUR,0.8826634061983495,1,Sí,Yes
8443-ZRDBZ,0.8819820517846628,1,Sí,Yes
4342-HENTK,0.8817743251972538,1,Sí,Yes
4749-OJKQU,0.8816729262659576,1,Sí,No
2985-FMWYF,0.8803428893791209,1,Sí,No
3372-KWFBM,0.8798427623389273,1,Sí,Yes
2959-MJHIC,0.878722806623613,1,Sí,Yes
4229-CZMLL,0.8772687829394031,1,Sí,Yes
1200-TUZHR,0.876756645168524,1,Sí,No
3398-FSHON,0.8757327854971264,1,Sí,Yes
7044-YAACC,0.874971433551431,1,Sí,No
7273-TEFQD,0.8748407945623664,1,Sí,Yes
7181-BQYBV,0.8735083131396989,1,Sí,Yes
3295-YVUSR,0.8719893664763833,1,Sí,No
5052-PNLOS,0.8714790157470549,1,Sí,Yes
6892-XPFPU,0.8693328255503298,1,Sí,Yes
9804-ICWBG,0.8692344849576867,1,Sí,Yes
5542-TBBWB,0.8692344849576867,1,Sí,No
3750-CKVKH,0.8690670112198885,1,Sí,Yes
0841-NULXI,0.8689494868088881,1,Sí,Yes
3030-YDNRM,0.868717467898843,1,Sí,No
3247-ZVOUO,0.8686102211690832,1,Sí,Yes
7465-ZZRVX,0.8683230808438788,1,Sí,No
1640-PLFMP,0.8678636164025284,1,Sí,No
5376-DEQCP,0.8671489196526965,1,Sí,Yes
2897-DOVND,0.8657308905912726,1,Sí,No
9685-WKZGT,0.8656516557616013,1,Sí,Yes
7354-OIJLX,0.8652229616045616,1,Sí,No
7029-RPUAV,0.8640794007224927,1,Sí,Yes
8107-KNCIM,0.8635644224502261,1,Sí,No
2761-OCIAX,0.8628715014424383,1,Sí,Yes
6000-APYLU,0.8626102923643142,1,Sí,Yes
7218-HKQFK,0.8625472710890378,1,Sí,Yes
3721-CNEYS,0.8623438905059274,1,Sí,Yes
9897-KXHCM,0.8612006206111891,1,Sí,Yes
3629-ZNKXA,0.8600858513806724,1,Sí,No
6857-VWJDT,0.8592607601961747,1,Sí,Yes
5419-CONWX,0.8590129327887055,1,Sí,Yes
3191-CSNMG,0.8586035018764105,1,Sí,No
6198-RTPMF,0.8570506341102624,1,Sí,No
3677-IYRBF,0.855814162508686,1,Sí,Yes
7005-CCBKV,0.8556599514978376,1,Sí,Yes
2952-QAYZF,0.8552586881538767,1,Sí,Yes
4445-ZJNMU,0.8546407669103483,1,Sí,No
2867-UIMSS,0.8544737292681204,1,Sí,Yes
0018-NYROU,0.8533051007370845,1,Sí,No
6047-YHPVI,0.8523018306291971,1,Sí,Yes
3707-GNWHM,0.8522616199873201,1,Sí,Yes
7198-GLXTC,0.8519214743984466,1,Sí,Yes
5167-ZFFMM,0.8515622406684047,1,Sí,Yes
9507-EXLTT,0.8509759675164584,1,Sí,Yes
3453-RTHJQ,0.850975692981933,1,Sí,No
6543-XRMYR,0.8507376591270058,1,Sí,Yes
2737-YNGYW,0.8504682039588153,1,Sí,Yes
8183-ONMXC,0.8491735222904073,1,Sí,Yes
6786-OBWQR,0.848989306695567,1,Sí,No
6110-OHIHY,0.8488334859488317,1,Sí,Yes
0168-XZKBB,0.8482714758903093,1,Sí,No
2984-AFWNC,0.8476622567466507,1,Sí,No
8699-ASUFO,0.8472489671169792,1,Sí,Yes
9208-OLGAQ,0.8468247130629859,1,Sí,No
4633-MKHYU,0.846631985151052,1,Sí,No
6376-GAHQE,0.8463774397216497,1,Sí,Yes
5228-EXCET,0.8460678067797467,1,Sí,Yes
6899-PPEEA,0.8455569429859036,1,Sí,Yes
4550-EVXNY,0.8447090368207176,1,Sí,Yes
0928-JMXNP,0.8444948915150036,1,Sí,No
4813-HQMGZ,0.8429697982710973,1,Sí,No
5196-SGOAK,0.8424412484294923,1,Sí,Yes
8325-QRPZR,0.8407917592189771,1,Sí,No
8380-PEFPE,0.8407674053587817,1,Sí,Yes
9121-PHQSR,0.8406501768079886,1,Sí,No
8397-MVTAZ,0.8406240941115348,1,Sí,Yes
2260-USTRB,0.8405955349514989,1,Sí,Yes
7861-UVUFT,0.8396131937160437,1,Sí,Yes
3223-DWFIO,0.8374245002582374,1,Sí,No
1731-TVIUK,0.8363470731893093,1,Sí,Yes
3904-UKFRE,0.8347042365576888,1,Sí,No
3908-BLSYF,0.8342368832332522,1,Sí,Yes
1867-BDVFH,0.832312119914623,1,Sí,Yes
1112-CUNAO,0.8312189685722218,1,Sí,Yes
2856-HYAPG,0.8298944352606773,1,Sí,Yes
8873-GLDMH,0.8288393090708552,1,Sí,No
8111-SLLHI,0.8279506641119748,1,Sí,Yes
1448-PWKYE,0.8279154315672442,1,Sí,Yes
4817-VYYWS,0.8274807628721603,1,Sí,Yes
6833-JMZYP,0.8257079653479793,1,Sí,No
8266-VBFQL,0.8243336835176024,1,Sí,No
2860-RANUS,0.8238817070518551,1,Sí,Yes
9940-RHLFB,0.8223335568861561,1,Sí,Yes
0923-PNFUB,0.821168424076016,1,Sí,Yes
9444-JTXHZ,0.81952294976854,1,Sí,Yes
1766-GKNMI,0.8188496872444326,1,Sí,No
2969-QWUBZ,0.818699536813762,1,Sí,No
0506-LVNGN,0.8186819006907076,1,Sí,Yes
8709-KRDVL,0.8180063346077127,1,Sí,No
0529-ONKER,0.8177517800625576,1,Sí,Yes
5949-XIKAE,0.8171487235961994,1,Sí,Yes
7534-BFESC,0.8168583109081214,1,Sí,Yes
8821-XNHVZ,0.8166915652524037,1,Sí,Yes
5339-PXDVH,0.8161162575003146,1,Sí,No
0491-KAPQG,0.815730205807752,1,Sí,No
9506-UXUSK,0.8155709421353906,1,Sí,No
5832-XKAES,0.8152429843117953,1,Sí,Yes
6032-KRXXO,0.8147928694933942,1,Sí,Yes
3703-KBKZP,0.8143564535670428,1,Sí,No
0524-IAVZO,0.812765642561551,1,Sí,Yes
5380-WJKOV,0.8127075142536613,1,Sí,Yes
2656-FMOKZ,0.8112516871422149,1,Sí,Yes
0135-NMXAP,0.8105753172965077,1,Sí,Yes
3672-YITQD,0.8096171386715543,1,Sí,Yes
0315-LVCRK,0.8093949716352852,1,Sí,No
3411-WLRSQ,0.8093127747134709,1,Sí,No
4998-IKFSE,0.8087633343290268,1,Sí,No
0388-EOPEX,0.8085491232933507,1,Sí,Yes
2674-MIAHT,0.8080022635673791,1,Sí,No
4686-UXDML,0.8035938184154298,1,Sí,No
2608-BHKFN,0.8028073570994371,1,Sí,Yes
4059-IIEBK,0.8021862621359561,1,Sí,No
7072-MBHEV,0.8012434624902749,1,Sí,No
4521-YEEHE,0.8011547618852435,1,Sí,No
0611-DFXKO,0.8004536071872701,1,Sí,Yes
6680-WKXRZ,0.8001220873937163,1,Sí,Yes
7571-YXDAD,0.7996559808342946,1,Sí,Yes
3992-YWPKO,0.7989334943847146,1,Sí,Yes
8104-OSKWT,0.7980649792697181,1,Sí,No
6137-NICCO,0.7975971719496504,1,Sí,No
8637-XJIVR,0.7973773053728753,1,Sí,Yes
1894-IGFSG,0.7964542350405122,1,Sí,Yes
8481-YYXWG,0.7957571554680889,1,Sí,Yes
8132-YPVBX,0.7942149843106441,1,Sí,No
4369-HTUIF,0.7934849029198723,1,Sí,Yes
2079-FBMZK,0.7933125687641583,1,Sí,Yes
8676-TRMJS,0.7930928026910502,1,Sí,Yes
9167-APMXZ,0.7927067525878978,1,Sí,No
0886-QGENL,0.7918175322966388,1,Sí,Yes
1092-GANHU,0.7901176067138245,1,Sí,Yes
4652-NNHNY,0.7889588454616304,1,Sí,Yes
4439-JMPMT,0.788615241198785,1,Sí,Yes
2528-HFYZX,0.7845799649683036,1,Sí,Yes
1122-JWTJW,0.7838809903913757,1,Sí,Yes
3063-QFSZL,0.7791845182802745,1,Sí,Yes
9822-OAOVB,0.7790316440609011,1,Sí,No
8993-PHFWD,0.7784774021763781,1,Sí,Yes
8393-DLHGA,0.7778912533253621,1,Sí,Yes
0581-MDMPW,0.777851244582528,1,Sí,No
3211-AAPKX,0.7772370706824834,1,Sí,No
3966-HRMZA,0.7770943226687678,1,Sí,No
6311-UEUME,0.7763495429566037,1,Sí,Yes
7295-JOMMD,0.7761508519651871,1,Sí,Yes
0818-OCPZO,0.7756556988837817,1,Sí,Yes
4546-FOKWR,0.7748954743077878,1,Sí,No
2582-FFFZR,0.7735248410252248,1,Sí,No
9747-DDZOS,0.7714347155295633,1,Sí,Yes
6557-BZXLQ,0.7701982533509545,1,Sí,No
5482-VXSXJ,0.7680828950509571,1,Sí,No
0114-PEGZZ,0.7672229595485132,1,Sí,No
7952-OBOYL,0.7654658373162658,1,Sí,No
4512-ZUIYL,0.7653965660201457,1,Sí,Yes
7056-IMHCC,0.763462686444511,1,Sí,Yes
7018-WBJNK,0.7631355888534143,1,Sí,No
6212-ATMLK,0.7628187443818712,1,Sí,No
8490-BXHEO,0.7624156500295656,1,Sí,No
8695-ARGXZ,0.7611229266726929,1,Sí,No
4128-ETESU,0.7608461506956845,1,Sí,No
0876-WDUUZ,0.7603261268573146,1,Sí,Yes
5950-AAAGJ,0.7602177179665769,1,Sí,No
8128-YVJRG,0.7596223848908653,1,Sí,Yes
1608-GMEWB,0.7593785324151638,1,Sí,No
9907-SWKKF,0.7577206780450807,1,Sí,Yes
9565-DJPIB,0.756562326251655,1,Sí,Yes
2309-OSFEU,0.7564035113026862,1,Sí,Yes
8059-UDZFY,0.7560533616805338,1,Sí,No
2956-GGUCQ,0.7556455458434134,1,Sí,Yes
5307-DZCVC,0.7552935927980418,1,Sí,Yes
5630-IXDXV,0.7544283103099061,1,Sí,No
0952-KMEEH,0.7531717640445967,1,Sí,Yes
9274-UARKJ,0.7529909201197585,1,Sí,No
3096-IZETN,0.7522604719168057,1,Sí,Yes
5204-QZXPU,0.7520015078845741,1,Sí,Yes
9465-RWMXL,0.7516319370506257,1,Sí,Yes
1965-DDBWU,0.7514880564294322,1,Sí,Yes
4846-WHAFZ,0.7494055473331039,1,Sí,Yes
6661-HBGWL,0.7493364946030253,1,Sí,Yes
8445-DNBAE,0.748851342101114,1,Sí,No
1522-VVDMG,0.7451057277276937,1,Sí,Yes
2187-LZGPL,0.744866110582395,1,Sí,Yes
5222-IMUKT,0.7439910989391801,1,Sí,No
0570-BFQHT,0.7428924842126898,1,Sí,No
6581-NQCBA,0.7425884274512662,1,Sí,Yes
2135-RXIHG,0.7407634770311152,1,Sí,Yes
9971-ZWPBF,0.7406672506013574,1,Sí,No
5281-BUZGT,0.7395145820104456,1,Sí,Yes
1264-BYWMS,0.7384542787688322,1,Sí,Yes
6608-QQLVK,0.7367759034625617,1,Sí,Yes
2800-QQUSO,0.7360475305766346,1,Sí,No
8020-BWHYL,0.7355161910002587,1,Sí,Yes
4248-QPAVC,0.7330684335891087,1,Sí,Yes
6331-LWDTQ,0.732851225703287,1,Sí,Yes
7587-RZNME,0.7325743798099897,1,Sí,Yes
9518-XXBXE,0.7320986691083727,1,Sí,No
5650-YLIBA,0.7320477616391986,1,Sí,No
7503-QQRVF,0.7297241291416819,1,Sí,Yes
3211-ILJTT,0.7290344759076857,1,Sí,Yes
3439-GVUSX,0.7290269928887754,1,Sí,No
2203-GHNWN,0.7285037396557817,1,Sí,No
8378-LKJAF,0.7278310418220543,1,Sí,No
3352-ALMCK,0.7275948159399126,1,Sí,No
5035-BVCXS,0.7266420818294188,1,Sí,No
9450-TRJUU,0.7261421087874204,1,Sí,No
6158-HDPXZ,0.7256800245377171,1,Sí,No
9048-JVYVF,0.7255577417485973,1,Sí,Yes
8819-IMISP,0.7234367009047576,1,Sí,No
8272-ONJLV,0.7233814053599836,1,Sí,No
1452-KIOVK,0.7221785528319088,1,Sí,No
5022-JNQEQ,0.7217030715672422,1,Sí,No
5294-DMSFH,0.7216876989457648,1,Sí,No
4658-HCOHW,0.7207807820167325,1,Sí,Yes
5889-JTMUL,0.7206465886261098,1,Sí,Yes
6704-UTUKK,0.7200448048832409,1,Sí,No
3334-CTHOL,0.7190722057461129,1,Sí,Yes
6240-EURKS,0.7189055378691873,1,Sí,Yes
3665-JATSN,0.7178064998883009,1,Sí,No
1035-IPQPU,0.7156328236153151,1,Sí,No
5016-IBERQ,0.715598367352545,1,Sí,No
6543-CPZMK,0.7152903471244354,1,Sí,Yes
8718-PTMEZ,0.7148785413182174,1,Sí,Yes
2122-YWVYA,0.7147222591943475,1,Sí,No
5895-QSXOD,0.714252600256029,1,Sí,No
8080-DDEMJ,0.7113263662995295,1,Sí,Yes
5331-RGMTT,0.7112523542618625,1,Sí,No
4706-DGAHW,0.7109614227275163,1,Sí,No
2037-SGXHH,0.7088774975717149,1,Sí,Yes
3768-NLUBH,0.7079509865856995,1,Sí,Yes
7126-RBHSD,0.7078255926554224,1,Sí,No
3094-JOJAI,0.7072016219612695,1,Sí,No
4619-EVPHY,0.7046865484531059,1,Sí,No
9979-RGMZT,0.7046278935216063,1,Sí,No
9576-SYUHJ,0.703902120886271,1,Sí,No
3932-CMDTD,0.7038244725848699,1,Sí,Yes
3995-WFCSM,0.7036251602446945,1,Sí,No
9710-ZUSHQ,0.7031674550230328,1,Sí,Yes
1320-REHCS,0.7030769327435058,1,Sí,No
9800-ONTFE,0.7006666892971529,1,Sí,No
4317-VTEOA,0.7006644905178643,1,Sí,Yes
5129-JLPIS,0.6986867058414629,1,Sí,No
6048-QBXKL,0.6936005534198899,1,Sí,No
9842-EFSYY,0.6932895664323812,1,Sí,No
6988-CJEYV,0.687514066672814,1,Sí,No
3058-WQDRE,0.6874810588562436,1,Sí,No
8785-CJSHH,0.6863751930085843,1,Sí,No
6907-FLBER,0.6860123049946037,1,Sí,No
1436-ZMJAN,0.6859058747069512,1,Sí,No
5122-CYFXA,0.6822749996700583,1,Sí,No
0430-IHCDJ,0.6811581524260917,1,Sí,No
3627-FHKBK,0.6810986219570432,1,Sí,Yes
8496-EJAUI,0.6791318292651747,1,Sí,Yes
9474-PHLYD,0.6766713675313366,1,Sí,Yes
9522-BNTHX,0.6764468222113946,1,Sí,No
6650-VJONK,0.6757114579411407,1,Sí,No
8601-QACRS,0.6756940421762551,1,Sí,Yes
5536-RTPWK,0.6755802922131272,1,Sí,Yes
4905-JEFDW,0.6755085817741431,1,Sí,Yes
3961-SXAXY,0.6749323809463441,1,Sí,No
5813-UECBU,0.6744591545938482,1,Sí,Yes
9286-DOJGF,0.6733590910070988,1,Sí,Yes
9369-XFEHK,0.6724483366047834,1,Sí,Yes
3926-CUQZX,0.67082640047302,1,Sí,Yes
7599-FKVXZ,0.6694489133691839,1,Sí,Yes
3331-HQDTW,0.6686025836986532,1,Sí,Yes
5828-AVIPD,0.6685039697879746,1,Sí,Yes
7663-RGWBC,0.6664609641283837,1,Sí,Yes
0322-CHQRU,0.6656543180072618,1,Sí,Yes
1469-LBJQJ,0.6654763314850028,1,Sí,No
3452-ABWRL,0.6633957313479646,1,Sí,No
0064-YIJGF,0.6631195000915368,1,Sí,No
9381-NDKME,0.6614367237298846,1,Sí,Yes
3932-IJWDZ,0.6601906007966285,1,Sí,No
4237-RLAQD,0.6597139323219928,1,Sí,Yes
0708-LGSMF,0.6589592950235054,1,Sí,No
9643-YBLUR,0.6569473974867777,1,Sí,No
5419-KLXBN,0.6541856329367933,1,Sí,Yes
7277-OZCGZ,0.6533277054693442,1,Sí,No
6635-CPNUN,0.6523005981687274,1,Sí,No
7758-XKCBS,0.6513205553059377,1,Sí,Yes
7077-XJMET,0.6489378044634826,1,Sí,No
4829-AUOAX,0.6482405361129254,1,Sí,Yes
3780-YVMFA,0.6475953474069778,1,Sí,No
5301-GAUUY,0.6473152770141057,1,Sí,Yes
9470-XCCEM,0.646112977978182,1,Sí,No
1849-RJYIG,0.6431585770799784,1,Sí,No
4660-IRIBM,0.641570130378953,1,Sí,No
4690-LLKUA,0.6407641536024619,1,Sí,Yes
4678-DVQEO,0.6400490269695794,1,Sí,Yes
2103-ZRXFN,0.6385585689068363,1,Sí,No
2105-PHWON,0.6384997721983754,1,Sí,No
3137-LUPIX,0.637589213474997,1,Sí,No
1728-CXQBE,0.636179519079074,1,Sí,No
4727-MCYZG,0.6350471142282008,1,Sí,No
9112-WSNPU,0.6346355879490158,1,Sí,No
0310-MVLET,0.6340393597627079,1,Sí,Yes
9445-SZLCH,0.6338621558723814,1,Sí,Yes
5934-TSSAU,0.6335370741777976,1,Sí,No
1471-GIQKQ,0.630215539429492,1,Sí,No
5146-CBVOE,0.6285072156470961,1,Sí,No
2360-RDGRO,0.6261691967218534,1,Sí,No
3192-LNKRK,0.6240468937821101,1,Sí,No
8069-YQQAJ,0.6239374215234599,1,Sí,No
0422-UXFAP,0.617922204288552,1,Sí,No
4208-UFFGW,0.6173121019012118,1,Sí,Yes
9233-PSYHO,0.6160379810495784,1,Sí,No
8806-EAGWC,0.6158117572841261,1,Sí,Yes
8988-ECPJR,0.6142740823625991,1,Sí,Yes
6845-RGTYS,0.6114239089881627,1,Sí,Yes
3658-KIBGF,0.6100216647022338,1,Sí,Yes
4989-LIXVT,0.6080943749632358,1,Sí,No
9667-TKTVZ,0.6075192493521807,1,Sí,No
4480-MBMLB,0.6067951234632808,1,Sí,No
9992-UJOEL,0.606520852792101,1,Sí,No
7130-YXBRO,0.6051369586456503,1,Sí,No
0106-GHRQR,0.604478588951948,1,Sí,No
8016-NCFVO,0.6041725357674465,1,Sí,No
3023-GFLBR,0.6036299865008076,1,Sí,Yes
6429-SHBCB,0.6002687626887386,1,Sí,No
2480-SQIOB,0.6002255780500452,1,Sí,No
6145-NNPNO,0.5980309663435779,1,Sí,No
2139-FQHLM,0.597366960510237,1,Sí,No
0363-QJVFX,0.5968350510558753,1,Sí,Yes
3207-OYBWH,0.5957814527401756,1,Sí,Yes
4323-SADQS,0.595225983702577,1,Sí,Yes
5568-DMXZS,0.5916974021958916,1,Sí,No
7876-BEUTG,0.5902059726243377,1,Sí,No
7576-JMYWV,0.5882521328405551,1,Sí,No
0856-NAOES,0.585000782028103,1,Sí,No
6582-OIVSP,0.5842526289651977,1,Sí,No
7754-IXRMC,0.5840368448893491,1,Sí,No
2067-QYTCF,0.5836976254095275,1,Sí,No
3258-SANFR,0.5820300428181847,1,Sí,No
7054-LGEQW,0.5814449452473103,1,Sí,Yes
1357-MVDOZ,0.5813475278393431,1,Sí,No
7537-CBQUZ,0.5759874367509531,1,Sí,No
9079-YEXQJ,0.5743199395642188,1,Sí,Yes
0431-APWVY,0.5729564713117294,1,Sí,Yes
0322-YINQP,0.5721206165986862,1,Sí,Yes
5575-TPIZQ,0.570667089280133,1,Sí,No
9089-UOWJG,0.5695929591985944,1,Sí,No
0327-WFZSY,0.5689585337335015,1,Sí,No
8757-TFHHJ,0.5687014588930228,1,Sí,No
8660-BUETV,0.5676199854815485,1,Sí,No
9776-CLUJA,0.5661183750747145,1,Sí,Yes
6646-QVXLR,0.5643838056878728,1,Sí,Yes
9767-FFLEM,0.5635121718684766,1,Sí,No
1658-XUHBX,0.5633164543845348,1,Sí,No
0924-BJCRC,0.562225250511016,1,Sí,No
8065-BVEPF,0.5617902002784456,1,Sí,No
6599-GZWCM,0.5555780679359973,1,Sí,No
7594-LZNWR,0.555161038991777,1,Sí,No
1205-WNWPJ,0.5544527393013707,1,Sí,Yes
1370-GGAWX,0.551637107679393,1,Sí,No
4983-CLMLV,0.5495614927978408,1,Sí,No
6769-DYBQN,0.5488522711172436,1,Sí,Yes
0486-HECZI,0.54874049866022,1,Sí,Yes
5371-VYLSX,0.5482477114012468,1,Sí,No
0979-PHULV,0.547778665553228,1,Sí,Yes
6821-JPCDC,0.5435938652799299,1,Sí,No
5141-ZUVBH,0.5424242004591333,1,Sí,No
9776-OJUZI,0.5414024928521848,1,Sí,No
6713-OKOMC,0.5408440825010474,1,Sí,No
6891-JPYFF,0.5388420320306843,1,Sí,No
4724-WXVWF,0.5386781430989098,1,Sí,No
4026-SKKHW,0.5382825991219905,1,Sí,No
8152-UOBNY,0.53654503522215,1,Sí,No
9761-XUJWD,0.5346519270198878,1,Sí,No
7554-AKDQF,0.5338493386499635,1,Sí,No
8896-BQTTI,0.5331053435723002,1,Sí,No
6668-CNMFP,0.5320830595139749,1,Sí,No
4250-WAROZ,0.5294177146998714,1,Sí,No
4695-VADHF,0.5286343192432187,1,Sí,Yes
0822-QGCXA,0.5283061851048955,1,Sí,No
2684-EIWEO,0.5251835361397126,0,No,Yes
0909-SDHNU,0.523752003843404,0,No,No
4937-QPZPO,0.5212875310649234,0,No,No
3301-LSLWQ,0.5207174484765027,0,No,No
1541-ETJZO,0.5204019255888123,0,No,Yes
9489-UTFKA,0.5202654963219027,0,No,No
3113-IWHLC,0.5186459237136052,0,No,No
1208-NBVFH,0.5182785989975214,0,No,No
8455-HIRAQ,0.5182527876048467,0,No,No
0668-OGMHD,0.5173796877790257,0,No,No
4001-TSBTV,0.5169851561917281,0,No,No
0823-HSCDJ,0.5166158806066441,0,No,Yes
0100-DUVFC,0.5161024067133124,0,No,No
7621-VPNET,0.5151448929382282,0,No,No
6770-XUAGN,0.5135661044427425,0,No,Yes
0326-VDYXE,0.5104930764453046,0,No,No
7854-EKTJL,0.5099336586811336,0,No,Yes
4088-YLDSU,0.509797862639743,0,No,Yes
7623-TRNQN,0.5096718185777088,0,No,Yes
6917-YACBP,0.5094300117565008,0,No,No
8495-LJDFO,0.5084617293996841,0,No,No
2669-QVCRG,0.506317326091473,0,No,No
8807-ARQET,0.5051292299613771,0,No,No
1089-HDMKP,0.5045146655145525,0,No,No
8679-LZBMD,0.5028728627577563,0,No,No
7750-EYXWZ,0.5016946651312776,0,No,No
0058-EVZWM,0.5005279726850643,0,No,No
0959-WHOKV,0.4958660984552815,0,No,No
6559-RAKOZ,0.4958231947222485,0,No,No
4851-BQDNX,0.49577667448622575,0,No,No
7398-LXGYX,0.4955453484125194,0,No,No
8049-WJCLQ,0.49423529088040946,0,No,No
6968-GMKPR,0.49250545282235614,0,No,No
7617-EYGLW,0.4924868097239147,0,No,No
0761-AETCS,0.49170594403110834,0,No,Yes
1809-DMJHQ,0.491175046360172,0,No,Yes
7128-GGCNO,0.49070949973850586,0,No,No
5553-AOINX,0.4893744786601643,0,No,No
1685-VAYJF,0.4870503594147418,0,No,No
8652-YHIYU,0.4856377629318187,0,No,No
8722-NGNBH,0.4851031647260452,0,No,Yes
4468-YDOVK,0.48410614163408594,0,No,No
2955-PSXOE,0.48220524348951893,0,No,Yes
7124-UGSUR,0.4809422233890613,0,No,Yes
2369-FEVNO,0.4758509909689228,0,No,No
2043-WVTQJ,0.4736043399777043,0,No,No
8450-JOVAH,0.47357850028838944,0,No,Yes
5996-DAOQL,0.47341447512066215,0,No,No
8262-COGGB,0.47341447512066215,0,No,No
7839-QRKXN,0.47307852570400255,0,No,Yes
4324-BZCKL,0.4725734833170038,0,No,No
7251-XFOIL,0.4719697425063031,0,No,No
1450-SKCVI,0.470086872619287,0,No,Yes
4393-RYCRE,0.4665372857768255,0,No,No
9835-ZIITK,0.4655994959539317,0,No,Yes
4118-CEVPF,0.46434289919110333,0,No,No
1986-PHGZF,0.4621299214688941,0,No,No
7742-MYPGI,0.4616390988824786,0,No,No
7074-STDCN,0.4588702617205005,0,No,No
7103-IPXPJ,0.4540187889834225,0,No,No
3413-DHLPB,0.45374265254076523,0,No,No
8992-OBVDG,0.4530286717206634,0,No,No
1087-UDSIH,0.4522062956969547,0,No,Yes
5445-GLVOT,0.45177338929037,0,No,No
5630-AHZIL,0.45046600299457296,0,No,No
4160-AMJTL,0.44976057767347977,0,No,Yes
5949-EBSQK,0.4461446461784385,0,No,Yes
0742-MOABM,0.44445686776991317,0,No,Yes
6270-OMFIW,0.4438678000006023,0,No,Yes
6483-OATDN,0.4424829768517882,0,No,No
2995-UPRYS,0.4412508007758228,0,No,Yes
0690-SRQID,0.4409164817893037,0,No,No
3179-GBRWV,0.44056911423335315,0,No,No
5174-ITUMV,0.44022481936807273,0,No,No
3679-XASPY,0.4393177865956467,0,No,No
7880-XSOJX,0.4390423655239389,0,No,No
5144-PQCDZ,0.43904119074658476,0,No,No
9138-EFSMO,0.43833034304040897,0,No,No
3858-XHYJO,0.43722639134801583,0,No,No
3807-XHCJH,0.4369124043955902,0,No,No
3521-MNKLV,0.4365883520139154,0,No,No
1110-KYLGQ,0.43355991225253915,0,No,No
8409-WQJUX,0.43240642995757717,0,No,No
4377-VDHYI,0.4319635071296552,0,No,No
3807-BPOMJ,0.43102142420763245,0,No,No
6778-JFCMK,0.4305012284594372,0,No,No
4016-BJKTZ,0.4241232463243488,0,No,No
8189-HBVRW,0.42270333047320036,0,No,No
4541-RMRLG,0.4212464974724653,0,No,Yes
3723-BFBGR,0.4210842303763477,0,No,No
4869-EPIUS,0.42059876199977125,0,No,No
0719-SYFRB,0.4204569697713428,0,No,Yes
1707-HABPF,0.4188505875045295,0,No,No
2585-KTFRE,0.4176949624866234,0,No,No
7016-NVRIC,0.4175567574610791,0,No,No
0733-VUNUW,0.41747645201707695,0,No,Yes
5593-SUAOO,0.4163045715297576,0,No,No
1448-CYWKC,0.41400129191470697,0,No,No
8999-XXGNS,0.4122277820939191,0,No,No
5701-SVCWR,0.40604929354894626,0,No,No
1194-SPVSP,0.40579052363890916,0,No,No
1349-WXNGG,0.4040781611418389,0,No,Yes
6575-SUVOI,0.40346623432590856,0,No,No
3339-EAQNV,0.40300233062693097,0,No,No
4365-MSDYN,0.4028244809196666,0,No,No
7926-IJOOU,0.40047079032211336,0,No,No
9821-BESNZ,0.3987506000096817,0,No,No
4785-NKHCX,0.39854385258799185,0,No,No
5827-MWCZK,0.3981121047816073,0,No,No
5766-ZJYBB,0.398064940349794,0,No,Yes
8393-JMVMB,0.39785211618086097,0,No,No
5198-HQAEN,0.3978263538428873,0,No,No
3870-MQAMG,0.39638521811060645,0,No,Yes
4892-VLANZ,0.3963634324292029,0,No,Yes
2866-IKBTM,0.3960410380429876,0,No,No
3982-DQLUS,0.3958035783217985,0,No,No
6286-SUUWT,0.3957260106148035,0,No,No
1352-VHKAJ,0.3952980349395801,0,No,No
3164-YAXFY,0.39518107626296717,0,No,No
3148-BLQJT,0.39508894295262553,0,No,Yes
1066-JKSGK,0.39487666610551625,0,No,Yes
3900-AQPHZ,0.39455469058756315,0,No,Yes
4211-MMAZN,0.3944522314078078,0,No,Yes
3638-DIMPH,0.3926667997608456,0,No,No
8495-PRWFH,0.3925459990148667,0,No,No
1963-VAUKV,0.3924347220858964,0,No,Yes
9753-OYLBX,0.3920112117656897,0,No,No
2957-JIRMN,0.3917366083642097,0,No,No
5469-CTCWN,0.3913962297469946,0,No,Yes
4753-PADAS,0.3903547571206458,0,No,No
1614-JBEBI,0.3883761194548212,0,No,No
6806-YDEUL,0.38777078125462416,0,No,No
9025-ZRPVR,0.38776715688689817,0,No,Yes
3936-QQFLL,0.3852776282745441,0,No,No
2272-JKMSI,0.384189013097548,0,No,No
5562-YJQGT,0.38303772057025937,0,No,No
3682-YEUWS,0.38279651022978006,0,No,No
4237-CLSMM,0.3820211111121331,0,No,No
2599-CZABP,0.3811899087767526,0,No,No
5482-NUPNA,0.3802143915163499,0,No,Yes
8182-PNAGI,0.3793285073832027,0,No,Yes
9033-EOXWV,0.37895742467785004,0,No,Yes
1409-PHXTF,0.3768633297629787,0,No,No
1170-SASML,0.37461593277943334,0,No,No
8735-DCXNF,0.37436999098712637,0,No,No
0222-CNVPT,0.37358045845701704,0,No,No
7619-ODSGN,0.37296655596163664,0,No,Yes
5268-DSMNQ,0.3712528082199,0,No,No
9139-WQQDY,0.3709807907267943,0,No,Yes
5760-WRAHC,0.3693994160975222,0,No,No
2659-VXMWZ,0.368302733936438,0,No,Yes
4184-VODJZ,0.3669872801776202,0,No,No
7740-BTPUX,0.3646340095582033,0,No,No
6797-UCJHZ,0.3638046565286877,0,No,No
9391-DXGGG,0.3630957051129353,0,No,No
7706-DZNKK,0.36191399534301405,0,No,No
6583-SZVGP,0.36188887022678695,0,No,No
5702-SKUOB,0.361207621264058,0,No,No
6475-VHUIZ,0.3592870732135343,0,No,No
3675-EQOZA,0.3565470164801411,0,No,No
0678-RLHVP,0.35318428732394747,0,No,No
2159-TURXX,0.3526614754296899,0,No,No
3363-EWLGO,0.3507204060732531,0,No,No
3373-YZZYM,0.3502209085965549,0,No,No
6469-MRVET,0.3502153351257948,0,No,No
9644-KVCNC,0.34917807586716487,0,No,No
1735-XMJVH,0.34793681099503876,0,No,No
6617-WLBQC,0.34766452265896924,0,No,No
1222-LRYKO,0.34577758702407013,0,No,No
8976-OQHGT,0.3456006022947567,0,No,Yes
6137-MFAJN,0.3429676922914847,0,No,No
4075-JFPGR,0.3425193098082462,0,No,No
3156-QLHBO,0.34187305328925816,0,No,No
5876-HZVZM,0.3404188681255714,0,No,Yes
7036-ZZKBD,0.34039891979929515,0,No,No
6972-SNKKW,0.3386040348708064,0,No,No
4190-MFLUW,0.338402272003122,0,No,Yes
6728-CZFEI,0.3382521683262007,0,No,No
2748-MYRVK,0.3332854280393469,0,No,Yes
3523-QRQLL,0.3329833122847545,0,No,Yes
9494-BDNNC,0.3317119089995545,0,No,No
1768-HNVGJ,0.3296497330948121,0,No,No
5678-VFNEQ,0.3290177432326552,0,No,No
9863-JZAIC,0.3276388911513971,0,No,Yes
3530-CRZSB,0.32706401199809904,0,No,No
6749-UTDVX,0.32705610106759814,0,No,No
5014-WUQMG,0.3250288978271078,0,No,No
5832-EXGTT,0.3234533994492813,0,No,No
4644-PIZRT,0.32322628054047836,0,No,No
5206-XZZQI,0.3215472497657641,0,No,No
3570-YUEKJ,0.31990441953834414,0,No,No
9364-YKUVW,0.31972529450280995,0,No,No
1360-XFJMR,0.31895779277221387,0,No,No
8929-KSWIH,0.31773881106836377,0,No,No
4250-ZBWLV,0.3168849964396582,0,No,Yes
4701-AHWMW,0.3147846148356887,0,No,Yes
7789-CRUVC,0.3144660788504339,0,No,No
0931-MHTEM,0.3120766104520662,0,No,No
5555-RNPGT,0.3097180410773433,0,No,No
8905-IAZPF,0.3094042950025656,0,No,No
5740-YHGTW,0.3090892117192189,0,No,No
3948-FVVRP,0.30843485965907924,0,No,No
0440-QEXBZ,0.3079557137554134,0,No,No
0665-XHDJU,0.30748249677114725,0,No,No
1257-SXUXQ,0.30674035666324206,0,No,No
2908-ZTPNF,0.3066100034186241,0,No,No
6156-UZDLF,0.3030752080942092,0,No,No
9092-GDZKO,0.3020367941998087,0,No,No
2001-MCUUW,0.3003678765700921,0,No,No
7964-ZRKKG,0.2986423747193307,0,No,No
9839-ETQOE,0.2961625373673588,0,No,No
4830-FAXFM,0.2932359237603683,0,No,No
8671-KKKOS,0.28817733395809764,0,No,No
2796-UUZZO,0.28815516773596694,0,No,No
6333-YDVLT,0.28633585876573087,0,No,No
8963-MQVYN,0.2859642931905825,0,No,No
5966-EMAZU,0.28513857365467843,0,No,No
2696-ECXKC,0.28247635393391846,0,No,No
3750-RNQKR,0.2810841582343844,0,No,No
2466-NEJOJ,0.2795946503320306,0,No,No
3642-GKTCT,0.2776755501107185,0,No,No
4694-PHWFW,0.27753914127660056,0,No,No
9367-TCUYN,0.27751570676703363,0,No,No
9086-YJYXS,0.27730066222224437,0,No,No
1095-WGNGG,0.2759072339438659,0,No,No
6674-KVJHG,0.2731828847488672,0,No,No
1045-LTCYT,0.2718091259522137,0,No,No
4770-QAZXN,0.2714597535517835,0,No,No
8318-LCNBW,0.2698457730985546,0,No,No
4489-SNOJF,0.26859153554637294,0,No,Yes
4002-BQWPQ,0.2648149538070207,0,No,No
0536-ACXIP,0.26395597318046976,0,No,No
8401-EMUWF,0.26359194014347953,0,No,No
7228-PAQPD,0.2599456151617807,0,No,No
0297-RBCSG,0.2593392684133704,0,No,No
3391-JSQEW,0.258763080894631,0,No,No
9896-UYMIE,0.25750707733427247,0,No,No
0080-EMYVY,0.2559934588812311,0,No,No
0835-JKADZ,0.2551631804921832,0,No,No
4282-MSACW,0.2550498324685776,0,No,No
4011-ARPHK,0.2544817694937265,0,No,No
4785-QRJHC,0.2541110769128384,0,No,Yes
7013-PSXHK,0.25391530740623725,0,No,No
4353-HYOJD,0.2525639266244607,0,No,No
6319-QSUSR,0.2516478849345593,0,No,No
6295-OSINB,0.250288193095027,0,No,No
8204-TIFGJ,0.2475694224812757,0,No,No
2165-VOEGB,0.24755620882708543,0,No,Yes
2450-ZKEED,0.24580753718092965,0,No,No
0076-LVEPS,0.245062693929692,0,No,No
9391-TTOYH,0.24344578296424774,0,No,No
4504-YOULA,0.24297133535327287,0,No,No
4423-JWZJN,0.24206164827048665,0,No,No
1218-VKFPE,0.24187415104950571,0,No,Yes
7217-JYHOQ,0.24166759843808663,0,No,No
4531-AUZNK,0.23986925414508814,0,No,No
8631-XVRZL,0.2356773767019228,0,No,No
2794-XIMMO,0.23545184688788684,0,No,Yes
0975-UYDTX,0.23500941803751965,0,No,No
1121-QSIVB,0.23461797158763592,0,No,No
0289-IVARM,0.23269520757315457,0,No,No
9143-CANJF,0.22979533738869287,0,No,No
4318-RAJVY,0.22802800090848868,0,No,No
2266-SJNAT,0.22802097473116054,0,No,No
3190-FZATL,0.2242813743004113,0,No,No
6260-XLACS,0.22389076361598853,0,No,No
3594-UVONA,0.22272934558679436,0,No,Yes
7182-OVLBJ,0.221629580885,0,No,No
9152-AMKAK,0.21997339697312027,0,No,No
6993-YCOBK,0.21958264472252256,0,No,No
9592-ERDKV,0.21894556551629613,0,No,No
5445-PZWGX,0.21837275020225988,0,No,Yes
9388-ZEYVT,0.21819452722805352,0,No,No
9967-ATRFS,0.21695379345268223,0,No,No
9972-NKTFD,0.2169360977460899,0,No,No
2578-JQPHZ,0.21684927187196856,0,No,No
3137-NYQQI,0.2155633586367225,0,No,No
6924-TDGMT,0.21546365924242372,0,No,No
0623-EJQEG,0.2151982855789877,0,No,No
7629-WFGLW,0.21472818923111417,0,No,No
4806-DXQCE,0.2145062824275373,0,No,No
1395-OFUWC,0.2141601862159124,0,No,No
6766-HFKLA,0.21346087535522276,0,No,No
2533-QVMSK,0.2114062798562398,0,No,Yes
0377-JBKKT,0.2093044738646215,0,No,No
8879-XUAHX,0.20848341855849842,0,No,No
9586-JGQKH,0.20833517899716492,0,No,No
9114-AAFQH,0.20808934355902045,0,No,No
2930-UOTMB,0.20362373885202129,0,No,Yes
8261-GWDBQ,0.2023213014175679,0,No,No
2834-JKOOW,0.20185310800904943,0,No,No
8406-LNMHF,0.19962171687328117,0,No,No
8984-HPEMB,0.19823669000376146,0,No,No
7901-IIDQV,0.1973436945404907,0,No,No
7746-QYVCO,0.19381722545892813,0,No,No
7816-VGHTO,0.1908936473118527,0,No,No
1264-FUHCX,0.1904851235737418,0,No,No
1114-CENIM,0.1877626304662464,0,No,Yes
9933-QRGTX,0.18586027818866774,0,No,No
1545-JFUML,0.18583513182089192,0,No,No
1038-RQOST,0.18454474777874627,0,No,No
0323-XWWTN,0.18349939508813148,0,No,No
6734-FQAJX,0.18247227264254212,0,No,No
8573-JGCZW,0.18209459511587425,0,No,No
1301-LOPVR,0.18091567345282228,0,No,No
7923-IYJWY,0.18057924828294247,0,No,No
3363-DTIVD,0.18057215355886722,0,No,No
6620-HVDUJ,0.18008891437047436,0,No,No
8565-HBFNN,0.1791337977365212,0,No,No
8076-FEZKJ,0.17847603226463546,0,No,No
5297-MDOIR,0.1756191879522657,0,No,No
6257-DTAYD,0.17477855619234317,0,No,No
5789-LDFXO,0.17449944565773717,0,No,No
7762-ONLJY,0.1724326487737194,0,No,No
2434-EEVDB,0.1708042173231293,0,No,No
6967-PEJLL,0.16900375233437917,0,No,No
0134-XWXCE,0.1669434529413105,0,No,No
5524-KHNJP,0.16623579262929855,0,No,No
8015-IHCGW,0.16586897804672993,0,No,No
2877-VDUER,0.16561142519716932,0,No,No
1429-UYJSV,0.1635449991252253,0,No,No
6682-QJDGB,0.16290737888198092,0,No,Yes
3407-JMJQQ,0.16200271196958363,0,No,No
9987-LUTYD,0.16082312011536798,0,No,No
6999-CHVCF,0.15955172644796292,0,No,No
9127-FHJBZ,0.15836860156058916,0,No,No
3696-XRIEN,0.1552933426247124,0,No,No
7971-HLVXI,0.15519420923721103,0,No,No
2798-NYLMZ,0.1526270518509148,0,No,No
7136-IHZJA,0.1523622526591472,0,No,No
0983-TATYJ,0.15080048913662494,0,No,No
6048-UWKAL,0.15055822390271148,0,No,No
6434-TTGJP,0.15047322843731964,0,No,No
3244-CQPHU,0.14993506120743552,0,No,No
6174-NRBTZ,0.1469630053501459,0,No,No
2868-LLSKM,0.1450959837967005,0,No,No
3721-CNZHX,0.14499275525294916,0,No,No
3551-GAEGL,0.14178715831646937,0,No,No
1043-UXOVO,0.1415165075420428,0,No,No
9220-ZNKJI,0.14047938511350772,0,No,No
2364-UFROM,0.1398038591289982,0,No,No
1325-USMEC,0.13938868114821973,0,No,No
1150-WFARN,0.1377497640927202,0,No,Yes
1303-SRDOK,0.13662790210638112,0,No,No
2338-BQEZT,0.1362092309934798,0,No,No
8559-CIZFV,0.13527727049726024,0,No,Yes
8792-AOROI,0.1334571806605683,0,No,No
0056-EPFBG,0.13307090523470252,0,No,No
7609-NRNCA,0.13155420983309027,0,No,No
4445-KWOKW,0.13033498243433958,0,No,No
5982-PSMKW,0.13025336834134793,0,No,No
0022-TCJCI,0.12567707599872724,0,No,Yes
7005-CYUIL,0.12471953320260863,0,No,No
1455-HFBXA,0.12245344370178446,0,No,No
1272-ILHFG,0.12213470925935553,0,No,No
5312-TSZVC,0.12071287814800763,0,No,No
1474-JUWSM,0.12002684312238338,0,No,No
4369-NYSCF,0.11958034647309193,0,No,No
8024-XNAFQ,0.11932556619991903,0,No,No
3546-GHEAE,0.11786221403550311,0,No,No
6752-APNJL,0.1170964398490121,0,No,No
1555-DJEQW,0.11709206278837048,0,No,Yes
4304-TSPVK,0.11686639505593979,0,No,No
0866-QLSIR,0.11602832054948876,0,No,Yes
8915-NNTRC,0.1146177962670241,0,No,No
8777-PVYGU,0.1141060226677027,0,No,No
7839-NUIAA,0.11285082558258298,0,No,No
1069-QJOEE,0.11174190940614295,0,No,No
8166-ZZTFS,0.11032420887507294,0,No,Yes
9746-UGFAC,0.10984695732255194,0,No,No
4685-TFLLS,0.10969588014158708,0,No,No
9030-QGZNL,0.10934144157873037,0,No,No
0906-QVPMS,0.10933653598531194,0,No,No
4032-RMHCI,0.1088915813771236,0,No,No
7359-WWYJV,0.10847138397343781,0,No,No
5847-MXBEO,0.1084478103194223,0,No,No
2085-JVGAD,0.10734748737785539,0,No,No
2325-ZUSFD,0.10697563607737942,0,No,Yes
7527-QNRUS,0.10537564823379174,0,No,No
5149-QYTTU,0.10432532254332472,0,No,No
9108-EQPNQ,0.1033615450371879,0,No,No
1682-VCOIO,0.10335895146533422,0,No,No
9209-NWPGU,0.10328238182842801,0,No,No
5020-ZSTTY,0.10322477135601714,0,No,Yes
5327-XOKKY,0.10229609777216996,0,No,No
1936-UAFEH,0.1021867628003544,0,No,No
0946-FKYTX,0.10203414690926091,0,No,No
6047-SUHPR,0.10073892103375764,0,No,No
7520-HQWJU,0.10068686018303341,0,No,No
5468-BPMMO,0.10066617147531509,0,No,No
7244-KXYZN,0.0998983070386943,0,No,No
5574-NXZIU,0.09970286270376752,0,No,No
2188-SXWVT,0.09898690014126629,0,No,No
0487-CRLZF,0.09849384909533646,0,No,No
3594-BDSOA,0.0981289363905749,0,No,No
0254-KCJGT,0.0976986721997306,0,No,No
3778-FOAQW,0.09719226511756887,0,No,No
8763-KIAFH,0.09675328173142339,0,No,No
5306-BVTKJ,0.09656612006067947,0,No,No
1834-ABKHQ,0.09635219590966666,0,No,No
2348-KCJLT,0.09554109172461712,0,No,No
2138-VFAPZ,0.09553304200151064,0,No,No
9885-MFVSU,0.09449811545641204,0,No,No
3727-OWVYD,0.09401337834448673,0,No,No
5469-NUJUR,0.09342064898998703,0,No,No
6072-NUQCB,0.09331523122579823,0,No,No
7690-KPNCU,0.09153275550461396,0,No,No
5495-GPSRW,0.09041951800419393,0,No,No
5057-RKGLH,0.08775294816516228,0,No,No
4393-GEADV,0.08729998685317322,0,No,No
6519-ZHPXP,0.08700335158595318,0,No,No
3298-QEICA,0.08675586155556084,0,No,No
6823-SIDFQ,0.08615553541765468,0,No,No
8908-SLFCJ,0.0850811566877117,0,No,No
0835-DUUIQ,0.08479586238199459,0,No,No
6016-NXBNJ,0.08307213164957021,0,No,No
0191-EQUUH,0.08214333101393198,0,No,No
3506-OVLKD,0.0821372607542227,0,No,No
9531-NSBMR,0.08212014349405729,0,No,No
0486-LGCCH,0.08173055235505426,0,No,No
3308-JSGML,0.08136192144517916,0,No,No
9194-GFVOI,0.08086789946650631,0,No,No
7795-CFOCW,0.08065545415803749,0,No,No
1023-BQXZE,0.08009964171067685,0,No,No
3982-JGSFD,0.07929254555171678,0,No,No
6518-KZXCB,0.07722148372870569,0,No,No
0083-PIVIK,0.07709320154245596,0,No,No
2650-GYRYL,0.07706079846170963,0,No,No
5127-BZENZ,0.07703990531036681,0,No,No
3133-PZNSR,0.07658650408986545,0,No,No
3525-DVKFN,0.07635014583628201,0,No,No
5519-TEEUH,0.07575106999317308,0,No,No
4648-YPBTM,0.07490579278093214,0,No,No
6827-IEAUQ,0.07318704300428969,0,No,No
7471-MQPOS,0.07302612070613547,0,No,No
5906-CVLHP,0.071777176246754,0,No,Yes
1328-EUZHC,0.07149943229260981,0,No,No
8512-WIWYV,0.07148519495947814,0,No,No
8259-DZLIZ,0.07125658420289382,0,No,No
3021-VLNRJ,0.07058892975245798,0,No,No
9224-VTYID,0.06969463739982927,0,No,No
8097-OMULG,0.06908793600620292,0,No,No
8869-TORSS,0.06801667526912773,0,No,Yes
2599-CIPQE,0.06678929630122352,0,No,No
8782-NUUOL,0.06660286097001582,0,No,No
6322-HRPFA,0.06616667786381743,0,No,No
1265-BCFEO,0.06570028728379512,0,No,No
1090-ESELR,0.06274829773556061,0,No,No
3378-AJRAO,0.06251460507317733,0,No,No
0078-XZMHT,0.06170462148693582,0,No,No
1293-HHSHJ,0.060614290281448165,0,No,No
0513-RBGPE,0.05964576504224341,0,No,No
3460-TJBWI,0.059308699003829346,0,No,No
7110-BDTWG,0.05913950966618111,0,No,No
2890-WFBHU,0.05887200536773359,0,No,No
6234-RAAPL,0.058735689592098336,0,No,No
9945-PSVIP,0.058577095584274874,0,No,No
3978-YNKDD,0.05838588627820443,0,No,No
3887-PBQAO,0.058321901534037705,0,No,No
0334-ZFJSR,0.05720713357997786,0,No,No
8327-WKMIE,0.05716592048371494,0,No,No
3649-JPUGY,0.05703855310223756,0,No,No
5313-FPXWG,0.0563235614148156,0,No,No
0071-NDAFP,0.055936878220026284,0,No,No
9548-LERKT,0.05531855660579837,0,No,No
1395-WSWXR,0.054897957554409335,0,No,No
2123-VSCOT,0.054638434859366716,0,No,No
1223-UNPKS,0.05448454692995877,0,No,No
4667-QONEA,0.054370673657987346,0,No,No
0301-KOBTQ,0.05425937543569279,0,No,No
5924-SNGKP,0.05348000796453519,0,No,No
4039-PIMHX,0.05171806611455555,0,No,No
0383-CLDDA,0.05125403499367078,0,No,No
3489-VSFRD,0.05047905203360538,0,No,No
2977-CEBSX,0.050408965448061976,0,No,No
9888-ZCUMM,0.04904404768422252,0,No,No
3108-PCCGG,0.048473172088152716,0,No,No
3521-HTQTV,0.04827504485865388,0,No,No
5171-EPLKN,0.048164229471791706,0,No,No
0771-CHWSK,0.047997453092385414,0,No,No
8125-QPFJD,0.04723606566013753,0,No,No
2987-BJXIK,0.04630523384403204,0,No,No
3745-HRPHI,0.04602385768217343,0,No,No
6199-IPCAO,0.045435675379653886,0,No,No
8173-RXAYP,0.04522130932125103,0,No,No
9297-EONCV,0.04509438424097063,0,No,No
2332-TODQS,0.0450494195452461,0,No,No
0230-UBYPQ,0.045035395782410476,0,No,No
9470-YFUYI,0.04470283689385429,0,No,No
3933-DQPWX,0.04420393063162474,0,No,No
2725-IWWBA,0.044126103154576456,0,No,No
0214-JHPFW,0.04284839301875691,0,No,No
8626-PTQGE,0.042845235282929266,0,No,No
8766-PAFNE,0.04279945434314146,0,No,No
0016-QLJIS,0.04274115819941488,0,No,No
9674-EHPPG,0.04239185387807077,0,No,No
7401-JIXNM,0.04204526350704366,0,No,No
0412-UCCNP,0.04155968242660845,0,No,No
3638-WEABW,0.0413622384289735,0,No,No
2122-SZZZD,0.04122967190084619,0,No,No
0909-SELIE,0.04100268944546644,0,No,No
4538-WNTMJ,0.040518139904817674,0,No,No
0795-LAFGP,0.0402688536834176,0,No,No
8204-YJCLA,0.04003005297918537,0,No,No
7131-ZQZNK,0.03999631523244158,0,No,No
4967-WPNCF,0.039612784375039144,0,No,No
8218-FFJDS,0.03889145140826093,0,No,No
3957-SQXML,0.038211688265673005,0,No,No
9548-LIGTA,0.03804098314506309,0,No,No
6504-VBLFL,0.0374300390632666,0,No,No
8181-YHCMF,0.03714406368523665,0,No,No
3079-BCHLN,0.036837122075269485,0,No,No
7579-KKLOE,0.03676216478784228,0,No,No
9110-HSGTV,0.0363796278241482,0,No,No
3796-ENZGF,0.03613388880911578,0,No,No
8050-XGRVL,0.03574769754012192,0,No,No
0123-CRBRT,0.035705729769320425,0,No,No
6332-FBZRI,0.03539053362609461,0,No,No
9348-ROUAI,0.035213856961736935,0,No,No
9968-FFVVH,0.03496319781895169,0,No,No
3373-DIUUN,0.03492115051919654,0,No,No
9073-ZZIAY,0.03472271089154777,0,No,No
1269-FOYWN,0.03460480362956387,0,No,No
0556-FJEGU,0.034175938375950156,0,No,No
6408-WHTEF,0.03417055273953191,0,No,No
1335-MXCSE,0.034143215709598135,0,No,No
9242-TKFSV,0.03314826517656353,0,No,No
4188-PCPIG,0.032939645622595326,0,No,No
1985-MBRYP,0.03254350637949839,0,No,No
1699-UOTXU,0.03227035730203769,0,No,No
3227-WLKLI,0.03178972847362696,0,No,No
3967-KXAPS,0.03164046234880567,0,No,No
9602-WCXPI,0.03127011146822847,0,No,No
7018-FPXHH,0.03108417117338564,0,No,No
8722-PRFDV,0.030172494329181235,0,No,No
6870-ZWMNX,0.029993377120048556,0,No,No
8690-ZVLCL,0.02971215152854837,0,No,No
3704-IEAXF,0.02938467584864268,0,No,No
8902-ZEOVF,0.029315392492261366,0,No,No
1459-QNFQT,0.02883195861046544,0,No,No
8580-QVLOC,0.028328914899310647,0,No,Yes
8191-XWSZG,0.027850216345167468,0,No,No
5006-MXVRN,0.02767942380331495,0,No,No
7601-GNDYK,0.02767444031691421,0,No,No
5148-ORICT,0.02704066561413524,0,No,No
5736-YEJAX,0.02636678700996779,0,No,No
3569-JFODW,0.02609240379218434,0,No,No
3950-VPYJB,0.02593532370874988,0,No,No
8336-TAVKX,0.025713003380815544,0,No,No
4475-NVTLU,0.02566803138927699,0,No,No
2208-NKVVH,0.025567321874688288,0,No,No
0936-NQLJU,0.02552366390667062,0,No,No
6000-UKLWI,0.025425708708034754,0,No,No
5176-OLSKT,0.024983047025872854,0,No,No
7073-QETQY,0.02443188955115227,0,No,No
1047-RNXZV,0.023634591502761232,0,No,No
0732-OCQOC,0.02363339589805266,0,No,No
7197-VOJMM,0.023595231135823798,0,No,No
4102-HLENU,0.023123482983414365,0,No,No
0506-YLVKJ,0.02270616315926605,0,No,No
3719-TDVQB,0.022547263384767768,0,No,No
9068-FHQHD,0.022367461140018932,0,No,No
1722-LDZJS,0.022329810838075316,0,No,No
5915-ANOEI,0.022076747707515436,0,No,No
2162-FRZAA,0.021815367153570166,0,No,No
8042-RNLKO,0.021153841619592398,0,No,No
2068-WWXQZ,0.020946345486952605,0,No,No
5781-RFZRP,0.020911349590509304,0,No,No
5939-SXWHM,0.02063735871692621,0,No,No
1074-WVEVG,0.02063483837219227,0,No,No
4779-ZGICK,0.020516170416523347,0,No,No
8922-NPKBJ,0.020326095363846726,0,No,No
8990-YOZLV,0.02010012850827098,0,No,No
3785-KTYSH,0.01961149683943402,0,No,No
9646-NMHXE,0.01951830994987457,0,No,No
6997-UVGOX,0.019478669257543726,0,No,No
7242-EDTYC,0.018867651107109484,0,No,No
7306-YDSOI,0.018698355885322992,0,No,No
5016-LIPDW,0.018246365822421062,0,No,No
3884-UEBXB,0.01819727625090827,0,No,No
4992-LTJNE,0.01757580406907493,0,No,No
5196-WPYOW,0.01743251486665296,0,No,No
3071-MVJCD,0.01726496072026458,0,No,No
3399-BMLVW,0.017127273802849168,0,No,No
2077-DDHJK,0.016648058642986775,0,No,No
9975-GPKZU,0.01650100026173272,0,No,No
3795-GWTRD,0.01640051869502677,0,No,No
4742-TXUEX,0.016291838545295312,0,No,No
0562-FGDCR,0.01611470483643899,0,No,No
8701-DGLVH,0.016074638107581744,0,No,No
1862-QRWPE,0.0157741363800327,0,No,No
6695-FRVEC,0.01565718906846222,0,No,No
2675-IJRGJ,0.014983210661621988,0,No,No
8028-PNXHQ,0.014973023177355417,0,No,No
9251-AWQGT,0.01491345917641773,0,No,No
1657-DYMBM,0.014884224021556168,0,No,No
9359-JANWS,0.014846473796279142,0,No,No
6349-JDHQP,0.014709260605142634,0,No,No
8069-RHUXK,0.01445490803014776,0,No,No
5605-XNWEN,0.013938651416728466,0,No,No
2228-BZDEE,0.013898980368238372,0,No,No
4785-FCIFB,0.013292029262356784,0,No,No
3620-EHIMZ,0.012568750692818877,0,No,No
9337-SRRNI,0.012502821328000149,0,No,No
9953-ZMKSM,0.012424268205251091,0,No,No
8464-EETCQ,0.01238965490406895,0,No,No
7399-QHBJS,0.010780926737411862,0,No,No
9286-BHDQG,0.01058626886811366,0,No,No
3498-LZGQZ,0.010259546196039134,0,No,No
3308-DGHKL,0.010238921944998973,0,No,No
1635-NZATJ,0.010231274440757054,0,No,No
3563-SVYLG,0.010098300474427845,0,No,No
2696-RZVZW,0.009782611400888833,0,No,No
7113-HIPFI,0.009758122924270415,0,No,No
8727-JQFHV,0.009734573891001543,0,No,No
2146-EGVDT,0.009241911910155462,0,No,No
9153-BTBVV,0.008845511561564672,0,No,No
6857-TKDJV,0.00874380462966184,0,No,No
8347-GDTMP,0.00867578590327145,0,No,No
3973-SKMLN,0.008660310900836254,0,No,No
6848-HJTXY,0.008636977396279574,0,No,No
7606-BPHHN,0.008484460490121712,0,No,No
5730-DBDSI,0.008180477883918262,0,No,No
7225-IILWY,0.007984345717487353,0,No,No
5146-YYFRZ,0.007848392802978478,0,No,No
8043-PNYSD,0.007509784959284382,0,No,No
0613-WUXUM,0.007503196028193999,0,No,No
7711-GQBZC,0.007410244268887122,0,No,No
7695-PKLCZ,0.007345987738610523,0,No,No
8224-KDLKN,0.00690405454495942,0,No,No
6285-FTQBF,0.006876129811957787,0,No,No
6345-FZOQH,0.006856132441759566,0,No,No
7684-XSZIY,0.006817192181014205,0,No,No
7969-FFOWG,0.006805915248259416,0,No,No
2607-DHDAK,0.006803880707300016,0,No,No
6060-QBMGV,0.006689153563412548,0,No,No
7602-DBTOU,0.00625984789075947,0,No,No
1591-XWLGB,0.006222379091906054,0,No,No
4817-KEQSP,0.005177067380863239,0,No,No
1052-QJIBV,0.005123729843929184,0,No,No
1166-PQLGG,0.005121406844371649,0,No,No
4086-WITJG,0.005042205814736877,0,No,No
